NC,Qasim, S. Osman,124 West Ward Street,Asheboro,27203,(336) 629-2468
NC,Qasim, S. Osman,327 W. Main St.,Biscoe,27209,(910) 428-1211
NC,Qasim, S. Osman,13045 NC Highway 24-27, Suite B,Eagle Springs,27242,(910) 948-2111
NC,Qasim, S. Osman,6926 Jordan Rd.,Ramseur,27316,(336) 824-2121
NC,Qasim, S. Osman,1003 High Point St. #A9,Randleman,27317,(336) 495-3030
NC,Qasim, S. Osman,1418 East 11 Street,Siler City,27344,(919) 742-1100
NC,Qasim, S. Osman,820 S. Chapman Street,Greensboro,27403,(336) 272-6156
NC,Qasim, S. Osman,1103 E. Bessemer Ave.,Greensboro,27405,(336) 272-9833
NC,Qasim, S. Osman,3806-C N. Church Street,Greensboro,27405,(336) 621-3399
NC,Qasim, S. Osman,1051 Alamance Church Rd.,,Greensboro,27406,(336) 370-1471
NC,Qasim, S. Osman,4604 W. Market St., Ste. A,Greensboro,27407,(336) 854-1591
NC,Qasim, S. Osman,4411 Gate City Blvd.,Greensboro,27407,(336) 854-0044
NC,Qasim, S. Osman,2130-B New Garden Road,Greensboro,27410,(336) 545-0000
NC,Qasim, S. Osman,2202-B Fleming Road,Greensboro,27410,(336) 665-1744
NC,Qasim, S. Osman,3001 Holloway St.,Durham,27703,(919) 598-1111
NC,Qasim, S. Osman,1304 John Small Avenue,Washington,27889,(252) 946-7778
NC,Qasim, S. Osman,4000 Ward Blvd. Building L,Wilson,27893,(252) 674-1555
NC,Qasim, S. Osman,1613 Raleigh Rd.,Wilson,27896,(252) 237-4444
NC,Qasim, S. Osman,1415 US Hwy. 52,Albemarle,28001,(704) 982-6777
NC,Qasim, S. Osman,623 Highway 29 North,China Grove,28023,(704) 857-8888
NC,Qasim, S. Osman,600 Church St.,Concord,28025,(704) 795-5555
NC,Qasim, S. Osman,372 S. Broadway,Forest City,28043,(828) 245-3030
NC,Qasim, S. Osman,601 S. Cannon Blvd.,Kannapolis,28083,(704) 933-4444
NC,Qasim, S. Osman,2420 Supermarket Drive NEWalmart,Kannapolis,28083,(704) 935-2400
NC,Qasim, S. Osman,1050 W. Main Street, A,Locust,28097,(704) 888-1313
NC,Qasim, S. Osman,197 W. Plaza Dr.,Mooresville,28117,(704) 799-2222
NC,Qasim, S. Osman,7602A Hwy 73 E.,Mount Pleasant,28124,(704) 436-1117
NC,Qasim, S. Osman,609 W. Main Street,Rockwell,28138,(704) 209-3333
NC,Qasim, S. Osman,114 S. Washington St.,Rutherfordton,28139,(828) 287-3030
NC,Qasim, S. Osman,122 Avalon Dr,Salisbury,28144,(704) 603-3225
NC,Qasim, S. Osman,1601 W. Innes Street,Salisbury,28144,(704) 636-1111
NC,Qasim, S. Osman,210 W. Dixon Rd.,Shelby,28152,(704) 484-1717
NC,Qasim, S. Osman,265-D North Main St.,Troutman,28166,(704) 528-1500
NC,Qasim, S. Osman,705 Grove St., Ste. 100,Fayetteville,28301,(910) 433-3030
NC,Qasim, S. Osman,596 N. Reilly Rd. #3,Fayetteville,28303,(910) 868-9595
NC,Qasim, S. Osman,2922 Bragg Blvd.,Fayetteville,28303,(910) 483-8833
NC,Qasim, S. Osman,5133 Raeford Rd. #10,Fayetteville,28304,(910) 424-4884
NC,Qasim, S. Osman,5100 NC Highway 87 South, Suite 102,Fayetteville,28306,(910) 484-3226
NC,Qasim, S. Osman,803 Armistead St.,Pope Army Air Field,28308,(910) 500-8030
NC,Qasim, S. Osman,1017 Canopy Lane, South Post Food Ct.,Fort Bragg,28310,(910) 436-2244
NC,Qasim, S. Osman,5387 Ramsey St.,Fayetteville,28311,(910) 822-5960
NC,Qasim, S. Osman,8130 Cliffdale Road,Fayetteville,28314,(910) 868-8111
NC,Qasim, S. Osman,3441 N. Main St.,Hope Mills,28348,(910) 424-4474
NC,Qasim, S. Osman,2951 Town Center DriveSuite 101,Hope Mills,28348,(910) 421-2220
NC,Qasim, S. Osman,110 Spring Ave.,Spring Lake,28390,(910) 436-4151
NC,Qasim, S. Osman,1201 W Vernon Ave., Ste E.,Kinston,28501,(252) 523-4422
NC,Qasim, S. Osman,1837 E. Broad St. #A,Statesville,28625,(704) 872-3030
NC,Qasim, S. Osman,608 Turnersburg Highway,Statesville,28625,(704) 380-4898
NC,Qasim, S. Osman,1269 Tunnel Rd.,Asheville,28715,(828) 298-2700
NC,Qasim, S. Osman,78 New Clyde Hwy.,Canton,28716,(828) 648-7499
NC,Qasim, S. Osman,16 Cherokee CrossingSuite 10,Cherokee,28719,(828) 497-5500
NC,Qasim, S. Osman,6482 Brevard Rd,Etowah,28729,(828) 891-6677
NC,Qasim, S. Osman,417 E. Main St.,Franklin,28734,(828) 369-1919
NC,Qasim, S. Osman,1336 E. Main St., Suite C,Sylva,28779,(828) 586-9400
NC,Qasim, S. Osman,337 Walnut Street,Waynesville,28786,(828) 454-9900
NC,Qasim, S. Osman,5445 Asheville Highway,Hendersonville,28791,(828) 687-1010
NC,Qasim, S. Osman,825 Spartanburg Hwy.,Hendersonville,28792,(828) 696-4113
NC,Qasim, S. Osman,1863 Hendersonville RdUnit 112,Asheville,28803,(828) 277-1010
NC,Qasim, S. Osman,460 Weaverville Hwy.,Asheville,28804,(828) 645-1010
NC,Qasim, S. Osman,1483 Patton Ave.,Asheville,28806,(828) 232-1818
SC,Qasim, S. Osman,2415 Reidville Rd.,Spartanburg,29301,(864) 576-3030
SC,Qasim, S. Osman,280 N. Church St.,Spartanburg,29303,(864) 591-3030
SC,Qasim, S. Osman,2199 Southport Rd.,Spartanburg,29306,(864) 585-3030
SC,Qasim, S. Osman,2510 Boiling Springs Rd.#A,Boiling Springs,29316,(864) 578-9240
SC,Qasim, S. Osman,125 Walton Drive,Gaffney,29341,(864) 489-4072
SC,Qasim, S. Osman,1750 SC Hwy 14,Landrum,29356,(864) 510-0080
SC,Qasim, S. Osman,311 Spartanburg HwySuite B,Wellford,29385,(864) 949-3334